#X,Acoustic Pressure across Frequency(2)_At Node 632
#Frequency(Hz),Pressure(N/mm^2(MPa))_Magnitude
20.000000,1.623638E-04
21.000000,1.557958E-04
22.000000,1.496998E-04
23.000000,1.440313E-04
24.000000,1.387508E-04
25.000000,1.338225E-04
26.000000,1.292150E-04
27.000000,1.248997E-04
28.000000,1.208514E-04
29.000000,1.170473E-04
30.000000,1.134670E-04
31.000000,1.100924E-04
32.000000,1.069070E-04
33.000000,1.038959E-04
34.000000,1.010457E-04
35.000000,9.834439E-05
36.000000,9.578099E-05
37.000000,9.334554E-05
38.000000,9.102899E-05
39.000000,8.882314E-05
40.000000,8.672043E-05
41.000000,8.471404E-05
42.000000,8.279764E-05
43.000000,8.096549E-05
44.000000,7.921231E-05
45.000000,7.753321E-05
46.000000,7.592372E-05
47.000000,7.437968E-05
48.000000,7.289730E-05
49.000000,7.147304E-05
50.000000,7.010361E-05
51.000000,6.878600E-05
52.000000,6.751737E-05
53.000000,6.629510E-05
54.000000,6.511677E-05
55.000000,6.398009E-05
56.000000,6.288293E-05
57.000000,6.182333E-05
58.000000,6.079942E-05
59.000000,5.980948E-05
60.000000,5.885187E-05
61.000000,5.792508E-05
62.000000,5.702767E-05
63.000000,5.615830E-05
64.000000,5.531570E-05
65.000000,5.449870E-05
66.000000,5.370615E-05
67.000000,5.293701E-05
68.000000,5.219028E-05
69.000000,5.146502E-05
70.000000,5.076033E-05
71.000000,5.007539E-05
72.000000,4.940938E-05
73.000000,4.876155E-05
74.000000,4.813119E-05
75.000000,4.751762E-05
76.000000,4.692019E-05
77.000000,4.633830E-05
78.000000,4.577135E-05
79.000000,4.521881E-05
80.000000,4.468014E-05
81.000000,4.415484E-05
82.000000,4.364243E-05
83.000000,4.314246E-05
84.000000,4.265450E-05
85.000000,4.217812E-05
86.000000,4.171294E-05
87.000000,4.125858E-05
88.000000,4.081469E-05
89.000000,4.038090E-05
90.000000,3.995689E-05
91.000000,3.954235E-05
92.000000,3.913698E-05
93.000000,3.874048E-05
94.000000,3.835258E-05
95.000000,3.797300E-05
96.000000,3.760151E-05
97.000000,3.723784E-05
98.000000,3.688178E-05
99.000000,3.653308E-05
100.000000,3.619152E-05
101.000000,3.585692E-05
102.000000,3.552906E-05
103.000000,3.520775E-05
104.000000,3.489281E-05
105.000000,3.458405E-05
106.000000,3.428130E-05
107.000000,3.398440E-05
108.000000,3.369319E-05
109.000000,3.340752E-05
110.000000,3.312723E-05
111.000000,3.285219E-05
112.000000,3.258225E-05
113.000000,3.231728E-05
114.000000,3.205716E-05
115.000000,3.180176E-05
116.000000,3.155095E-05
117.000000,3.130463E-05
118.000000,3.106267E-05
119.000000,3.082499E-05
120.000000,3.059145E-05
121.000000,3.036198E-05
122.000000,3.013646E-05
123.000000,2.991481E-05
124.000000,2.969693E-05
125.000000,2.948273E-05
126.000000,2.927213E-05
127.000000,2.906504E-05
128.000000,2.886138E-05
129.000000,2.866108E-05
130.000000,2.846405E-05
131.000000,2.827023E-05
132.000000,2.807954E-05
133.000000,2.789191E-05
134.000000,2.770728E-05
135.000000,2.752558E-05
136.000000,2.734675E-05
137.000000,2.717072E-05
138.000000,2.699744E-05
139.000000,2.682684E-05
140.000000,2.665887E-05
141.000000,2.649348E-05
142.000000,2.633062E-05
143.000000,2.617023E-05
144.000000,2.601225E-05
145.000000,2.585665E-05
146.000000,2.570337E-05
147.000000,2.555236E-05
148.000000,2.540359E-05
149.000000,2.525701E-05
150.000000,2.511258E-05
151.000000,2.497024E-05
152.000000,2.482997E-05
153.000000,2.469173E-05
154.000000,2.455547E-05
155.000000,2.442115E-05
156.000000,2.428875E-05
157.000000,2.415823E-05
158.000000,2.402954E-05
159.000000,2.390267E-05
160.000000,2.377756E-05
161.000000,2.365420E-05
162.000000,2.353256E-05
163.000000,2.341259E-05
164.000000,2.329427E-05
165.000000,2.317757E-05
166.000000,2.306246E-05
167.000000,2.294893E-05
168.000000,2.283693E-05
169.000000,2.272644E-05
170.000000,2.261743E-05
171.000000,2.250989E-05
172.000000,2.240378E-05
173.000000,2.229909E-05
174.000000,2.219578E-05
175.000000,2.209384E-05
176.000000,2.199324E-05
177.000000,2.189397E-05
178.000000,2.179599E-05
179.000000,2.169930E-05
180.000000,2.160386E-05
181.000000,2.150966E-05
182.000000,2.141668E-05
183.000000,2.132490E-05
184.000000,2.123430E-05
185.000000,2.114487E-05
186.000000,2.105658E-05
187.000000,2.096941E-05
188.000000,2.088336E-05
189.000000,2.079840E-05
190.000000,2.071452E-05
191.000000,2.063170E-05
192.000000,2.054992E-05
193.000000,2.046918E-05
194.000000,2.038945E-05
195.000000,2.031072E-05
196.000000,2.023298E-05
197.000000,2.015620E-05
198.000000,2.008039E-05
199.000000,2.000552E-05
200.000000,1.993158E-05
201.000000,1.985856E-05
202.000000,1.978644E-05
203.000000,1.971522E-05
204.000000,1.964488E-05
205.000000,1.957540E-05
206.000000,1.950679E-05
207.000000,1.943901E-05
208.000000,1.937207E-05
209.000000,1.930596E-05
210.000000,1.924066E-05
211.000000,1.917615E-05
212.000000,1.911244E-05
213.000000,1.904951E-05
214.000000,1.898735E-05
215.000000,1.892595E-05
216.000000,1.886530E-05
217.000000,1.880539E-05
218.000000,1.874621E-05
219.000000,1.868776E-05
220.000000,1.863002E-05
221.000000,1.857299E-05
222.000000,1.851665E-05
223.000000,1.846100E-05
224.000000,1.840604E-05
225.000000,1.835174E-05
226.000000,1.829811E-05
227.000000,1.824513E-05
228.000000,1.819280E-05
229.000000,1.814111E-05
230.000000,1.809006E-05
231.000000,1.803963E-05
232.000000,1.798982E-05
233.000000,1.794062E-05
234.000000,1.789202E-05
235.000000,1.784403E-05
236.000000,1.779662E-05
237.000000,1.774980E-05
238.000000,1.770356E-05
239.000000,1.765789E-05
240.000000,1.761279E-05
241.000000,1.756825E-05
242.000000,1.752426E-05
243.000000,1.748082E-05
244.000000,1.743792E-05
245.000000,1.739555E-05
246.000000,1.735372E-05
247.000000,1.731242E-05
248.000000,1.727163E-05
249.000000,1.723136E-05
250.000000,1.719160E-05
251.000000,1.715234E-05
252.000000,1.711358E-05
253.000000,1.707532E-05
254.000000,1.703755E-05
255.000000,1.700026E-05
256.000000,1.696345E-05
257.000000,1.692712E-05
258.000000,1.689126E-05
259.000000,1.685587E-05
260.000000,1.682094E-05
261.000000,1.678647E-05
262.000000,1.675245E-05
263.000000,1.671888E-05
264.000000,1.668576E-05
265.000000,1.665308E-05
266.000000,1.662083E-05
267.000000,1.658902E-05
268.000000,1.655765E-05
269.000000,1.652669E-05
270.000000,1.649617E-05
271.000000,1.646605E-05
272.000000,1.643636E-05
273.000000,1.640708E-05
274.000000,1.637821E-05
275.000000,1.634974E-05
276.000000,1.632167E-05
277.000000,1.629401E-05
278.000000,1.626674E-05
279.000000,1.623986E-05
280.000000,1.621337E-05
281.000000,1.618727E-05
282.000000,1.616155E-05
283.000000,1.613621E-05
284.000000,1.611125E-05
285.000000,1.608666E-05
286.000000,1.606245E-05
287.000000,1.603861E-05
288.000000,1.601513E-05
289.000000,1.599202E-05
290.000000,1.596926E-05
291.000000,1.594687E-05
292.000000,1.592483E-05
293.000000,1.590315E-05
294.000000,1.588182E-05
295.000000,1.586084E-05
296.000000,1.584020E-05
297.000000,1.581991E-05
298.000000,1.579996E-05
299.000000,1.578035E-05
300.000000,1.576108E-05
301.000000,1.574215E-05
302.000000,1.572355E-05
303.000000,1.570528E-05
304.000000,1.568734E-05
305.000000,1.566973E-05
306.000000,1.565244E-05
307.000000,1.563548E-05
308.000000,1.561884E-05
309.000000,1.560252E-05
310.000000,1.558652E-05
311.000000,1.557083E-05
312.000000,1.555546E-05
313.000000,1.554041E-05
314.000000,1.552566E-05
315.000000,1.551123E-05
316.000000,1.549710E-05
317.000000,1.548328E-05
318.000000,1.546976E-05
319.000000,1.545655E-05
320.000000,1.544364E-05
321.000000,1.543103E-05
322.000000,1.541872E-05
323.000000,1.540671E-05
324.000000,1.539500E-05
325.000000,1.538358E-05
326.000000,1.537245E-05
327.000000,1.536162E-05
328.000000,1.535108E-05
329.000000,1.534082E-05
330.000000,1.533086E-05
331.000000,1.532119E-05
332.000000,1.531180E-05
333.000000,1.530270E-05
334.000000,1.529388E-05
335.000000,1.528535E-05
336.000000,1.527710E-05
337.000000,1.526913E-05
338.000000,1.526144E-05
339.000000,1.525403E-05
340.000000,1.524690E-05
341.000000,1.524005E-05
342.000000,1.523348E-05
343.000000,1.522718E-05
344.000000,1.522115E-05
345.000000,1.521540E-05
346.000000,1.520993E-05
347.000000,1.520473E-05
348.000000,1.519980E-05
349.000000,1.519514E-05
350.000000,1.519075E-05
351.000000,1.518663E-05
352.000000,1.518278E-05
353.000000,1.517920E-05
354.000000,1.517589E-05
355.000000,1.517285E-05
356.000000,1.517007E-05
357.000000,1.516757E-05
358.000000,1.516532E-05
359.000000,1.516335E-05
360.000000,1.516164E-05
361.000000,1.516019E-05
362.000000,1.515901E-05
363.000000,1.515809E-05
364.000000,1.515743E-05
365.000000,1.515704E-05
366.000000,1.515691E-05
367.000000,1.515705E-05
368.000000,1.515745E-05
369.000000,1.515811E-05
370.000000,1.515903E-05
371.000000,1.516021E-05
372.000000,1.516165E-05
373.000000,1.516336E-05
374.000000,1.516533E-05
375.000000,1.516755E-05
376.000000,1.517004E-05
377.000000,1.517279E-05
378.000000,1.517580E-05
379.000000,1.517908E-05
380.000000,1.518261E-05
381.000000,1.518640E-05
382.000000,1.519045E-05
383.000000,1.519477E-05
384.000000,1.519934E-05
385.000000,1.520418E-05
386.000000,1.520927E-05
387.000000,1.521463E-05
388.000000,1.522025E-05
389.000000,1.522613E-05
390.000000,1.523227E-05
391.000000,1.523867E-05
392.000000,1.524534E-05
393.000000,1.525226E-05
394.000000,1.525945E-05
395.000000,1.526690E-05
396.000000,1.527462E-05
397.000000,1.528260E-05
398.000000,1.529084E-05
399.000000,1.529934E-05
400.000000,1.530811E-05
401.000000,1.531715E-05
402.000000,1.532645E-05
403.000000,1.533601E-05
404.000000,1.534584E-05
405.000000,1.535594E-05
406.000000,1.536630E-05
407.000000,1.537693E-05
408.000000,1.538783E-05
409.000000,1.539900E-05
410.000000,1.541044E-05
411.000000,1.542215E-05
412.000000,1.543412E-05
413.000000,1.544637E-05
414.000000,1.545889E-05
415.000000,1.547168E-05
416.000000,1.548475E-05
417.000000,1.549809E-05
418.000000,1.551170E-05
419.000000,1.552559E-05
420.000000,1.553976E-05
421.000000,1.555420E-05
422.000000,1.556892E-05
423.000000,1.558392E-05
424.000000,1.559920E-05
425.000000,1.561476E-05
426.000000,1.563060E-05
427.000000,1.564673E-05
428.000000,1.566314E-05
429.000000,1.567983E-05
430.000000,1.569681E-05
431.000000,1.571407E-05
432.000000,1.573163E-05
433.000000,1.574947E-05
434.000000,1.576760E-05
435.000000,1.578602E-05
436.000000,1.580474E-05
437.000000,1.582374E-05
438.000000,1.584305E-05
439.000000,1.586265E-05
440.000000,1.588254E-05
441.000000,1.590274E-05
442.000000,1.592324E-05
443.000000,1.594403E-05
444.000000,1.596513E-05
445.000000,1.598654E-05
446.000000,1.600825E-05
447.000000,1.603026E-05
448.000000,1.605259E-05
449.000000,1.607523E-05
450.000000,1.609818E-05
451.000000,1.612144E-05
452.000000,1.614501E-05
453.000000,1.616891E-05
454.000000,1.619312E-05
455.000000,1.621765E-05
456.000000,1.624251E-05
457.000000,1.626768E-05
458.000000,1.629319E-05
459.000000,1.631902E-05
460.000000,1.634518E-05
461.000000,1.637167E-05
462.000000,1.639850E-05
463.000000,1.642566E-05
464.000000,1.645315E-05
465.000000,1.648099E-05
466.000000,1.650917E-05
467.000000,1.653769E-05
468.000000,1.656655E-05
469.000000,1.659577E-05
470.000000,1.662533E-05
471.000000,1.665525E-05
472.000000,1.668552E-05
473.000000,1.671615E-05
474.000000,1.674714E-05
475.000000,1.677848E-05
476.000000,1.681020E-05
477.000000,1.684228E-05
478.000000,1.687473E-05
479.000000,1.690755E-05
480.000000,1.694074E-05
481.000000,1.697432E-05
482.000000,1.700827E-05
483.000000,1.704260E-05
484.000000,1.707732E-05
485.000000,1.711243E-05
486.000000,1.714793E-05
487.000000,1.718383E-05
488.000000,1.722012E-05
489.000000,1.725681E-05
490.000000,1.729390E-05
491.000000,1.733140E-05
492.000000,1.736931E-05
493.000000,1.740763E-05
494.000000,1.744637E-05
495.000000,1.748553E-05
496.000000,1.752511E-05
497.000000,1.756511E-05
498.000000,1.760555E-05
499.000000,1.764642E-05
500.000000,1.768772E-05
501.000000,1.772947E-05
502.000000,1.777166E-05
503.000000,1.781430E-05
504.000000,1.785739E-05
505.000000,1.790093E-05
506.000000,1.794494E-05
507.000000,1.798941E-05
508.000000,1.803434E-05
509.000000,1.807975E-05
510.000000,1.812564E-05
511.000000,1.817200E-05
512.000000,1.821885E-05
513.000000,1.826619E-05
514.000000,1.831402E-05
515.000000,1.836235E-05
516.000000,1.841118E-05
517.000000,1.846052E-05
518.000000,1.851037E-05
519.000000,1.856074E-05
520.000000,1.861164E-05
521.000000,1.866306E-05
522.000000,1.871501E-05
523.000000,1.876750E-05
524.000000,1.882053E-05
525.000000,1.887411E-05
526.000000,1.892824E-05
527.000000,1.898293E-05
528.000000,1.903819E-05
529.000000,1.909402E-05
530.000000,1.915042E-05
531.000000,1.920740E-05
532.000000,1.926498E-05
533.000000,1.932314E-05
534.000000,1.938191E-05
535.000000,1.944129E-05
536.000000,1.950127E-05
537.000000,1.956188E-05
538.000000,1.962311E-05
539.000000,1.968498E-05
540.000000,1.974748E-05
541.000000,1.981064E-05
542.000000,1.987444E-05
543.000000,1.993891E-05
544.000000,2.000404E-05
545.000000,2.006985E-05
546.000000,2.013635E-05
547.000000,2.020353E-05
548.000000,2.027142E-05
549.000000,2.034000E-05
550.000000,2.040931E-05
551.000000,2.047934E-05
552.000000,2.055010E-05
553.000000,2.062159E-05
554.000000,2.069384E-05
555.000000,2.076685E-05
556.000000,2.084062E-05
557.000000,2.091516E-05
558.000000,2.099049E-05
559.000000,2.106662E-05
560.000000,2.114355E-05
561.000000,2.122129E-05
562.000000,2.129985E-05
563.000000,2.137925E-05
564.000000,2.145949E-05
565.000000,2.154059E-05
566.000000,2.162255E-05
567.000000,2.170539E-05
568.000000,2.178912E-05
569.000000,2.187374E-05
570.000000,2.195927E-05
571.000000,2.204573E-05
572.000000,2.213312E-05
573.000000,2.222145E-05
574.000000,2.231074E-05
575.000000,2.240100E-05
576.000000,2.249225E-05
577.000000,2.258449E-05
578.000000,2.267774E-05
579.000000,2.277202E-05
580.000000,2.286733E-05
581.000000,2.296369E-05
582.000000,2.306112E-05
583.000000,2.315963E-05
584.000000,2.325923E-05
585.000000,2.335995E-05
586.000000,2.346179E-05
587.000000,2.356477E-05
588.000000,2.366891E-05
589.000000,2.377422E-05
590.000000,2.388073E-05
591.000000,2.398844E-05
592.000000,2.409738E-05
593.000000,2.420756E-05
594.000000,2.431900E-05
595.000000,2.443173E-05
596.000000,2.454575E-05
597.000000,2.466109E-05
598.000000,2.477777E-05
599.000000,2.489580E-05
600.000000,2.501521E-05
601.000000,2.513603E-05
602.000000,2.525826E-05
603.000000,2.538194E-05
604.000000,2.550708E-05
605.000000,2.563371E-05
606.000000,2.576185E-05
607.000000,2.589152E-05
608.000000,2.602276E-05
609.000000,2.615557E-05
610.000000,2.629000E-05
611.000000,2.642606E-05
612.000000,2.656378E-05
613.000000,2.670319E-05
614.000000,2.684432E-05
615.000000,2.698719E-05
616.000000,2.713183E-05
617.000000,2.727827E-05
618.000000,2.742655E-05
619.000000,2.757669E-05
620.000000,2.772873E-05
621.000000,2.788269E-05
622.000000,2.803862E-05
623.000000,2.819653E-05
624.000000,2.835648E-05
625.000000,2.851850E-05
626.000000,2.868261E-05
627.000000,2.884886E-05
628.000000,2.901729E-05
629.000000,2.918793E-05
630.000000,2.936082E-05
631.000000,2.953602E-05
632.000000,2.971355E-05
633.000000,2.989346E-05
634.000000,3.007579E-05
635.000000,3.026060E-05
636.000000,3.044792E-05
637.000000,3.063780E-05
638.000000,3.083030E-05
639.000000,3.102546E-05
640.000000,3.122333E-05
641.000000,3.142396E-05
642.000000,3.162742E-05
643.000000,3.183374E-05
644.000000,3.204301E-05
645.000000,3.225526E-05
646.000000,3.247055E-05
647.000000,3.268896E-05
648.000000,3.291055E-05
649.000000,3.313537E-05
650.000000,3.336349E-05
651.000000,3.359499E-05
652.000000,3.382993E-05
653.000000,3.406840E-05
654.000000,3.431044E-05
655.000000,3.455616E-05
656.000000,3.480561E-05
657.000000,3.505890E-05
658.000000,3.531609E-05
659.000000,3.557728E-05
660.000000,3.584255E-05
661.000000,3.611200E-05
662.000000,3.638571E-05
663.000000,3.666379E-05
664.000000,3.694632E-05
665.000000,3.723343E-05
666.000000,3.752520E-05
667.000000,3.782175E-05
668.000000,3.812319E-05
669.000000,3.842963E-05
670.000000,3.874121E-05
671.000000,3.905803E-05
672.000000,3.938022E-05
673.000000,3.970793E-05
674.000000,4.004127E-05
675.000000,4.038040E-05
676.000000,4.072545E-05
677.000000,4.107658E-05
678.000000,4.143394E-05
679.000000,4.179769E-05
680.000000,4.216799E-05
681.000000,4.254502E-05
682.000000,4.292895E-05
683.000000,4.331997E-05
684.000000,4.371826E-05
685.000000,4.412402E-05
686.000000,4.453746E-05
687.000000,4.495878E-05
688.000000,4.538821E-05
689.000000,4.582597E-05
690.000000,4.627230E-05
691.000000,4.672743E-05
692.000000,4.719163E-05
693.000000,4.766516E-05
694.000000,4.814829E-05
695.000000,4.864131E-05
696.000000,4.914451E-05
697.000000,4.965820E-05
698.000000,5.018269E-05
699.000000,5.071833E-05
700.000000,5.126545E-05
701.000000,5.182443E-05
702.000000,5.239563E-05
703.000000,5.297945E-05
704.000000,5.357630E-05
705.000000,5.418661E-05
706.000000,5.481081E-05
707.000000,5.544939E-05
708.000000,5.610281E-05
709.000000,5.677160E-05
710.000000,5.745628E-05
711.000000,5.815742E-05
712.000000,5.887559E-05
713.000000,5.961140E-05
714.000000,6.036550E-05
715.000000,6.113856E-05
716.000000,6.193127E-05
717.000000,6.274439E-05
718.000000,6.357868E-05
719.000000,6.443496E-05
720.000000,6.531410E-05
721.000000,6.621700E-05
722.000000,6.714459E-05
723.000000,6.809789E-05
724.000000,6.907795E-05
725.000000,7.008589E-05
726.000000,7.112288E-05
727.000000,7.219017E-05
728.000000,7.328908E-05
729.000000,7.442098E-05
730.000000,7.558736E-05
731.000000,7.678979E-05
732.000000,7.802989E-05
733.000000,7.930946E-05
734.000000,8.063034E-05
735.000000,8.199453E-05
736.000000,8.340414E-05
737.000000,8.486143E-05
738.000000,8.636878E-05
739.000000,8.792877E-05
740.000000,8.954413E-05
741.000000,9.121779E-05
742.000000,9.295289E-05
743.000000,9.475280E-05
744.000000,9.662112E-05
745.000000,9.856174E-05
746.000000,1.005788E-04
747.000000,1.026768E-04
748.000000,1.048606E-04
749.000000,1.071355E-04
750.000000,1.095070E-04
751.000000,1.119813E-04
752.000000,1.145650E-04
753.000000,1.172654E-04
754.000000,1.200903E-04
755.000000,1.230482E-04
756.000000,1.261485E-04
757.000000,1.294013E-04
758.000000,1.328177E-04
759.000000,1.364101E-04
760.000000,1.401917E-04
761.000000,1.441775E-04
762.000000,1.483836E-04
763.000000,1.528280E-04
764.000000,1.575306E-04
765.000000,1.625136E-04
766.000000,1.678013E-04
767.000000,1.734210E-04
768.000000,1.794031E-04
769.000000,1.857815E-04
770.000000,1.925940E-04
771.000000,1.998832E-04
772.000000,2.076965E-04
773.000000,2.160872E-04
774.000000,2.251152E-04
775.000000,2.348474E-04
776.000000,2.453587E-04
777.000000,2.567327E-04
778.000000,2.690619E-04
779.000000,2.824481E-04
780.000000,2.970016E-04
781.000000,3.128399E-04
782.000000,3.300832E-04
783.000000,3.488489E-04
784.000000,3.692389E-04
785.000000,3.913225E-04
786.000000,4.151069E-04
787.000000,4.404958E-04
788.000000,4.672313E-04
789.000000,4.948200E-04
790.000000,5.224538E-04
791.000000,5.489483E-04
792.000000,5.727444E-04
793.000000,5.920301E-04
794.000000,6.050170E-04
795.000000,6.103363E-04
796.000000,6.074137E-04
797.000000,5.966424E-04
798.000000,5.792588E-04
799.000000,5.569910E-04
800.000000,5.316568E-04
801.000000,5.048625E-04
802.000000,4.778564E-04
803.000000,4.515096E-04
804.000000,4.263693E-04
805.000000,4.027356E-04
806.000000,3.807357E-04
807.000000,3.603846E-04
808.000000,3.416288E-04
809.000000,3.243765E-04
810.000000,3.085179E-04
811.000000,2.939375E-04
812.000000,2.805210E-04
813.000000,2.681603E-04
814.000000,2.567548E-04
815.000000,2.462129E-04
816.000000,2.364516E-04
817.000000,2.273963E-04
818.000000,2.189800E-04
819.000000,2.111431E-04
820.000000,2.038322E-04
821.000000,1.969997E-04
822.000000,1.906031E-04
823.000000,1.846044E-04
824.000000,1.789697E-04
825.000000,1.736684E-04
826.000000,1.686732E-04
827.000000,1.639596E-04
828.000000,1.595054E-04
829.000000,1.552906E-04
830.000000,1.512971E-04
831.000000,1.475087E-04
832.000000,1.439104E-04
833.000000,1.404889E-04
834.000000,1.372318E-04
835.000000,1.341279E-04
836.000000,1.311671E-04
837.000000,1.283399E-04
838.000000,1.256378E-04
839.000000,1.230529E-04
840.000000,1.205779E-04
841.000000,1.182063E-04
842.000000,1.159318E-04
843.000000,1.137488E-04
844.000000,1.116520E-04
845.000000,1.096366E-04
846.000000,1.076980E-04
847.000000,1.058321E-04
848.000000,1.040349E-04
849.000000,1.023029E-04
850.000000,1.006326E-04
851.000000,9.902100E-05
852.000000,9.746505E-05
853.000000,9.596203E-05
854.000000,9.450936E-05
855.000000,9.310465E-05
856.000000,9.174563E-05
857.000000,9.043017E-05
858.000000,8.915628E-05
859.000000,8.792210E-05
860.000000,8.672585E-05
861.000000,8.556587E-05
862.000000,8.444060E-05
863.000000,8.334856E-05
864.000000,8.228835E-05
865.000000,8.125867E-05
866.000000,8.025825E-05
867.000000,7.928591E-05
868.000000,7.834056E-05
869.000000,7.742110E-05
870.000000,7.652655E-05
871.000000,7.565596E-05
872.000000,7.480841E-05
873.000000,7.398304E-05
874.000000,7.317905E-05
875.000000,7.239565E-05
876.000000,7.163208E-05
877.000000,7.088768E-05
878.000000,7.016173E-05
879.000000,6.945361E-05
880.000000,6.876271E-05
881.000000,6.808845E-05
882.000000,6.743025E-05
883.000000,6.678759E-05
884.000000,6.615998E-05
885.000000,6.554690E-05
886.000000,6.494789E-05
887.000000,6.436252E-05
888.000000,6.379035E-05
889.000000,6.323098E-05
890.000000,6.268400E-05
891.000000,6.214904E-05
892.000000,6.162575E-05
893.000000,6.111377E-05
894.000000,6.061276E-05
895.000000,6.012242E-05
896.000000,5.964243E-05
897.000000,5.917250E-05
898.000000,5.871234E-05
899.000000,5.826168E-05
900.000000,5.782024E-05
901.000000,5.738780E-05
902.000000,5.696408E-05
903.000000,5.654887E-05
904.000000,5.614194E-05
905.000000,5.574306E-05
906.000000,5.535202E-05
907.000000,5.496863E-05
908.000000,5.459268E-05
909.000000,5.422400E-05
910.000000,5.386238E-05
911.000000,5.350765E-05
912.000000,5.315966E-05
913.000000,5.281822E-05
914.000000,5.248319E-05
915.000000,5.215440E-05
916.000000,5.183171E-05
917.000000,5.151498E-05
918.000000,5.120406E-05
919.000000,5.089883E-05
920.000000,5.059914E-05
921.000000,5.030487E-05
922.000000,5.001590E-05
923.000000,4.973212E-05
924.000000,4.945340E-05
925.000000,4.917964E-05
926.000000,4.891072E-05
927.000000,4.864654E-05
928.000000,4.838701E-05
929.000000,4.813201E-05
930.000000,4.788146E-05
931.000000,4.763527E-05
932.000000,4.739334E-05
933.000000,4.715558E-05
934.000000,4.692191E-05
935.000000,4.669225E-05
936.000000,4.646652E-05
937.000000,4.624464E-05
938.000000,4.602653E-05
939.000000,4.581212E-05
940.000000,4.560134E-05
941.000000,4.539412E-05
942.000000,4.519039E-05
943.000000,4.499008E-05
944.000000,4.479314E-05
945.000000,4.459950E-05
946.000000,4.440909E-05
947.000000,4.422187E-05
948.000000,4.403777E-05
949.000000,4.385673E-05
950.000000,4.367871E-05
951.000000,4.350365E-05
952.000000,4.333149E-05
953.000000,4.316219E-05
954.000000,4.299570E-05
955.000000,4.283197E-05
956.000000,4.267096E-05
957.000000,4.251262E-05
958.000000,4.235689E-05
959.000000,4.220376E-05
960.000000,4.205316E-05
961.000000,4.190505E-05
962.000000,4.175942E-05
963.000000,4.161619E-05
964.000000,4.147536E-05
965.000000,4.133686E-05
966.000000,4.120068E-05
967.000000,4.106677E-05
968.000000,4.093510E-05
969.000000,4.080564E-05
970.000000,4.067835E-05
971.000000,4.055320E-05
972.000000,4.043016E-05
973.000000,4.030921E-05
974.000000,4.019030E-05
975.000000,4.007341E-05
976.000000,3.995851E-05
977.000000,3.984559E-05
978.000000,3.973460E-05
979.000000,3.962552E-05
980.000000,3.951832E-05
981.000000,3.941299E-05
982.000000,3.930949E-05
983.000000,3.920781E-05
984.000000,3.910792E-05
985.000000,3.900979E-05
986.000000,3.891341E-05
987.000000,3.881875E-05
988.000000,3.872578E-05
989.000000,3.863450E-05
990.000000,3.854488E-05
991.000000,3.845690E-05
992.000000,3.837053E-05
993.000000,3.828577E-05
994.000000,3.820259E-05
995.000000,3.812097E-05
996.000000,3.804090E-05
997.000000,3.796237E-05
998.000000,3.788534E-05
999.000000,3.780981E-05
1000.000000,3.773576E-05
1001.000000,3.766318E-05
1002.000000,3.759205E-05
1003.000000,3.752235E-05
1004.000000,3.745407E-05
1005.000000,3.738720E-05
1006.000000,3.732173E-05
1007.000000,3.725765E-05
1008.000000,3.719495E-05
1009.000000,3.713362E-05
1010.000000,3.707369E-05
1011.000000,3.701520E-05
1012.000000,3.695835E-05
1013.000000,3.690495E-05
1014.000000,3.684182E-05
1015.000000,3.679058E-05
1016.000000,3.673891E-05
1017.000000,3.668812E-05
1018.000000,3.663845E-05
1019.000000,3.658996E-05
1020.000000,3.654266E-05
1021.000000,3.649655E-05
1022.000000,3.645164E-05
1023.000000,3.640791E-05
1024.000000,3.636537E-05
1025.000000,3.632399E-05
1026.000000,3.628378E-05
1027.000000,3.624472E-05
1028.000000,3.620681E-05
1029.000000,3.617005E-05
1030.000000,3.613441E-05
1031.000000,3.609990E-05
1032.000000,3.606652E-05
1033.000000,3.603424E-05
1034.000000,3.600306E-05
1035.000000,3.597299E-05
1036.000000,3.594400E-05
1037.000000,3.591610E-05
1038.000000,3.588927E-05
1039.000000,3.586353E-05
1040.000000,3.583884E-05
1041.000000,3.581522E-05
1042.000000,3.579264E-05
1043.000000,3.577112E-05
1044.000000,3.575064E-05
1045.000000,3.573121E-05
1046.000000,3.571280E-05
1047.000000,3.569543E-05
1048.000000,3.567908E-05
1049.000000,3.566374E-05
1050.000000,3.564943E-05
1051.000000,3.563612E-05
1052.000000,3.562383E-05
1053.000000,3.561253E-05
1054.000000,3.560224E-05
1055.000000,3.559294E-05
1056.000000,3.558464E-05
1057.000000,3.557732E-05
1058.000000,3.557099E-05
1059.000000,3.556565E-05
1060.000000,3.556128E-05
1061.000000,3.555789E-05
1062.000000,3.555548E-05
1063.000000,3.555404E-05
1064.000000,3.555356E-05
1065.000000,3.555407E-05
1066.000000,3.555553E-05
1067.000000,3.555795E-05
1068.000000,3.556134E-05
1069.000000,3.556569E-05
1070.000000,3.557100E-05
1071.000000,3.557726E-05
1072.000000,3.558448E-05
1073.000000,3.559266E-05
1074.000000,3.560179E-05
1075.000000,3.561187E-05
1076.000000,3.562290E-05
1077.000000,3.563488E-05
1078.000000,3.564782E-05
1079.000000,3.566170E-05
1080.000000,3.567654E-05
1081.000000,3.569232E-05
1082.000000,3.570906E-05
1083.000000,3.572674E-05
1084.000000,3.574537E-05
1085.000000,3.576495E-05
1086.000000,3.578548E-05
1087.000000,3.580697E-05
1088.000000,3.582940E-05
1089.000000,3.585279E-05
1090.000000,3.587713E-05
1091.000000,3.590242E-05
1092.000000,3.592867E-05
1093.000000,3.595587E-05
1094.000000,3.598404E-05
1095.000000,3.601316E-05
1096.000000,3.604324E-05
1097.000000,3.607428E-05
1098.000000,3.610629E-05
1099.000000,3.613926E-05
1100.000000,3.617320E-05
1101.000000,3.620811E-05
1102.000000,3.624399E-05
1103.000000,3.628084E-05
1104.000000,3.631868E-05
1105.000000,3.635749E-05
1106.000000,3.639728E-05
1107.000000,3.643807E-05
1108.000000,3.647983E-05
1109.000000,3.652259E-05
1110.000000,3.656635E-05
1111.000000,3.661110E-05
1112.000000,3.665685E-05
1113.000000,3.670361E-05
1114.000000,3.675137E-05
1115.000000,3.680015E-05
1116.000000,3.684995E-05
1117.000000,3.690076E-05
1118.000000,3.695260E-05
1119.000000,3.700547E-05
1120.000000,3.705937E-05
1121.000000,3.711431E-05
1122.000000,3.717030E-05
1123.000000,3.722733E-05
1124.000000,3.728542E-05
1125.000000,3.734456E-05
1126.000000,3.740477E-05
1127.000000,3.746604E-05
1128.000000,3.752839E-05
1129.000000,3.759182E-05
1130.000000,3.765633E-05
1131.000000,3.772194E-05
1132.000000,3.778865E-05
1133.000000,3.785646E-05
1134.000000,3.792538E-05
1135.000000,3.799541E-05
1136.000000,3.806658E-05
1137.000000,3.813887E-05
1138.000000,3.821230E-05
1139.000000,3.828688E-05
1140.000000,3.836260E-05
1141.000000,3.843949E-05
1142.000000,3.851755E-05
1143.000000,3.859678E-05
1144.000000,3.867720E-05
1145.000000,3.875881E-05
1146.000000,3.884161E-05
1147.000000,3.892563E-05
1148.000000,3.901086E-05
1149.000000,3.909733E-05
1150.000000,3.918502E-05
1151.000000,3.927396E-05
1152.000000,3.936416E-05
1153.000000,3.945562E-05
1154.000000,3.954835E-05
1155.000000,3.964236E-05
1156.000000,3.973767E-05
1157.000000,3.983429E-05
1158.000000,3.993222E-05
1159.000000,4.003147E-05
1160.000000,4.013206E-05
1161.000000,4.023400E-05
1162.000000,4.033729E-05
1163.000000,4.044196E-05
1164.000000,4.054801E-05
1165.000000,4.065546E-05
1166.000000,4.076431E-05
1167.000000,4.087458E-05
1168.000000,4.098629E-05
1169.000000,4.109944E-05
1170.000000,4.121405E-05
1171.000000,4.133013E-05
1172.000000,4.144770E-05
1173.000000,4.156676E-05
1174.000000,4.168735E-05
1175.000000,4.180946E-05
1176.000000,4.193311E-05
1177.000000,4.205833E-05
1178.000000,4.218512E-05
1179.000000,4.231349E-05
1180.000000,4.244348E-05
1181.000000,4.257508E-05
1182.000000,4.270833E-05
1183.000000,4.284323E-05
1184.000000,4.297980E-05
1185.000000,4.311806E-05
1186.000000,4.325804E-05
1187.000000,4.339973E-05
1188.000000,4.354317E-05
1189.000000,4.368838E-05
1190.000000,4.383536E-05
1191.000000,4.398415E-05
1192.000000,4.413477E-05
1193.000000,4.428722E-05
1194.000000,4.444154E-05
1195.000000,4.459774E-05
1196.000000,4.475585E-05
1197.000000,4.491588E-05
1198.000000,4.507786E-05
1199.000000,4.524181E-05
1200.000000,4.540776E-05
1201.000000,4.557573E-05
1202.000000,4.574574E-05
1203.000000,4.591781E-05
1204.000000,4.609198E-05
1205.000000,4.626827E-05
1206.000000,4.644669E-05
1207.000000,4.662729E-05
1208.000000,4.681007E-05
1209.000000,4.699509E-05
1210.000000,4.718235E-05
1211.000000,4.737189E-05
1212.000000,4.756374E-05
1213.000000,4.775793E-05
1214.000000,4.795448E-05
1215.000000,4.815343E-05
1216.000000,4.835481E-05
1217.000000,4.855865E-05
1218.000000,4.876498E-05
1219.000000,4.897384E-05
1220.000000,4.918526E-05
1221.000000,4.939927E-05
1222.000000,4.961591E-05
1223.000000,4.983522E-05
1224.000000,5.005722E-05
1225.000000,5.028197E-05
1226.000000,5.050948E-05
1227.000000,5.073982E-05
1228.000000,5.097300E-05
1229.000000,5.120909E-05
1230.000000,5.144810E-05
1231.000000,5.169010E-05
1232.000000,5.193511E-05
1233.000000,5.218319E-05
1234.000000,5.243437E-05
1235.000000,5.268871E-05
1236.000000,5.294624E-05
1237.000000,5.320702E-05
1238.000000,5.347110E-05
1239.000000,5.373853E-05
1240.000000,5.400934E-05
1241.000000,5.428360E-05
1242.000000,5.456136E-05
1243.000000,5.484268E-05
1244.000000,5.512760E-05
1245.000000,5.541618E-05
1246.000000,5.570849E-05
1247.000000,5.600457E-05
1248.000000,5.630449E-05
1249.000000,5.660831E-05
1250.000000,5.691609E-05
1251.000000,5.722789E-05
1252.000000,5.754379E-05
1253.000000,5.786384E-05
1254.000000,5.818812E-05
1255.000000,5.851670E-05
1256.000000,5.884963E-05
1257.000000,5.918701E-05
1258.000000,5.952890E-05
1259.000000,5.987537E-05
1260.000000,6.022652E-05
1261.000000,6.058242E-05
1262.000000,6.094314E-05
1263.000000,6.130877E-05
1264.000000,6.167940E-05
1265.000000,6.205512E-05
1266.000000,6.243601E-05
1267.000000,6.282216E-05
1268.000000,6.321368E-05
1269.000000,6.361065E-05
1270.000000,6.401318E-05
1271.000000,6.442136E-05
1272.000000,6.483531E-05
1273.000000,6.525512E-05
1274.000000,6.568090E-05
1275.000000,6.611276E-05
1276.000000,6.655083E-05
1277.000000,6.699521E-05
1278.000000,6.744603E-05
1279.000000,6.790341E-05
1280.000000,6.836747E-05
1281.000000,6.883834E-05
1282.000000,6.931616E-05
1283.000000,6.980107E-05
1284.000000,7.029320E-05
1285.000000,7.079270E-05
1286.000000,7.129970E-05
1287.000000,7.181438E-05
1288.000000,7.233687E-05
1289.000000,7.286734E-05
1290.000000,7.340594E-05
1291.000000,7.395287E-05
1292.000000,7.450827E-05
1293.000000,7.507232E-05
1294.000000,7.564522E-05
1295.000000,7.622713E-05
1296.000000,7.681826E-05
1297.000000,7.741879E-05
1298.000000,7.802893E-05
1299.000000,7.864887E-05
1300.000000,7.927882E-05
1301.000000,7.991899E-05
1302.000000,8.056958E-05
1303.000000,8.123078E-05
1304.000000,8.190276E-05
1305.000000,8.258568E-05
1306.000000,8.327959E-05
1307.000000,8.398436E-05
1308.000000,8.469947E-05
1309.000000,8.542538E-05
1310.000000,8.598225E-05
1311.000000,8.705254E-05
1312.000000,8.775651E-05
1313.000000,8.852685E-05
1314.000000,8.931915E-05
1315.000000,9.012838E-05
1316.000000,9.095344E-05
1317.000000,9.179413E-05
1318.000000,9.265056E-05
1319.000000,9.352300E-05
1320.000000,9.441176E-05
1321.000000,9.531723E-05
1322.000000,9.623980E-05
1323.000000,9.717989E-05
1324.000000,9.813798E-05
1325.000000,9.911450E-05
1326.000000,1.001100E-04
1327.000000,1.011249E-04
1328.000000,1.021598E-04
1329.000000,1.032153E-04
1330.000000,1.042918E-04
1331.000000,1.053901E-04
1332.000000,1.065107E-04
1333.000000,1.076542E-04
1334.000000,1.088214E-04
1335.000000,1.100129E-04
1336.000000,1.112295E-04
1337.000000,1.124719E-04
1338.000000,1.137408E-04
1339.000000,1.150372E-04
1340.000000,1.163617E-04
1341.000000,1.177154E-04
1342.000000,1.190992E-04
1343.000000,1.205139E-04
1344.000000,1.219606E-04
1345.000000,1.234403E-04
1346.000000,1.249542E-04
1347.000000,1.265033E-04
1348.000000,1.280888E-04
1349.000000,1.297120E-04
1350.000000,1.313741E-04
1351.000000,1.330765E-04
1352.000000,1.348207E-04
1353.000000,1.366080E-04
1354.000000,1.384401E-04
1355.000000,1.403186E-04
1356.000000,1.422451E-04
1357.000000,1.442216E-04
1358.000000,1.462497E-04
1359.000000,1.483316E-04
1360.000000,1.504692E-04
1361.000000,1.526648E-04
1362.000000,1.549207E-04
1363.000000,1.572392E-04
1364.000000,1.596230E-04
1365.000000,1.620746E-04
1366.000000,1.645970E-04
1367.000000,1.671932E-04
1368.000000,1.698662E-04
1369.000000,1.726194E-04
1370.000000,1.754564E-04
1371.000000,1.783810E-04
1372.000000,1.813970E-04
1373.000000,1.845088E-04
1374.000000,1.877207E-04
1375.000000,1.910376E-04
1376.000000,1.944646E-04
1377.000000,1.980069E-04
1378.000000,2.016705E-04
1379.000000,2.054614E-04
1380.000000,2.093861E-04
1381.000000,2.134518E-04
1382.000000,2.176658E-04
1383.000000,2.220364E-04
1384.000000,2.265721E-04
1385.000000,2.312821E-04
1386.000000,2.361767E-04
1387.000000,2.412664E-04
1388.000000,2.465630E-04
1389.000000,2.520790E-04
1390.000000,2.578280E-04
1391.000000,2.638247E-04
1392.000000,2.700853E-04
1393.000000,2.766271E-04
1394.000000,2.834692E-04
1395.000000,2.906322E-04
1396.000000,2.981388E-04
1397.000000,3.060140E-04
1398.000000,3.142850E-04
1399.000000,3.229819E-04
1400.000000,3.321379E-04
1401.000000,3.417897E-04
1402.000000,3.519782E-04
1403.000000,3.627486E-04
1404.000000,3.741514E-04
1405.000000,3.862433E-04
1406.000000,3.990877E-04
1407.000000,4.127562E-04
1408.000000,4.273296E-04
1409.000000,4.428997E-04
1410.000000,4.595711E-04
1411.000000,4.774635E-04
1412.000000,4.967145E-04
1413.000000,5.174833E-04
1414.000000,5.399545E-04
1415.000000,5.643443E-04
1416.000000,5.909067E-04
1417.000000,6.199423E-04
1418.000000,6.518099E-04
1419.000000,6.869409E-04
1420.000000,7.258583E-04
1421.000000,7.692027E-04
1422.000000,8.177668E-04
1423.000000,8.725435E-04
1424.000000,9.347927E-04
1425.000000,1.006136E-03
1426.000000,1.088696E-03
1427.000000,1.185303E-03
1428.000000,1.299814E-03
1429.000000,1.437609E-03
1430.000000,1.606416E-03
1431.000000,1.817694E-03
1432.000000,2.089092E-03
1433.000000,2.448977E-03
1434.000000,2.945069E-03
1435.000000,3.660698E-03
1436.000000,4.738445E-03
1437.000000,6.342986E-03
1438.000000,8.060887E-03
1439.000000,7.916233E-03
1440.000000,6.157820E-03
1441.000000,4.639973E-03
1442.000000,3.627396E-03
1443.000000,2.950905E-03
1444.000000,2.478557E-03
1445.000000,2.133771E-03
1446.000000,1.872450E-03
1447.000000,1.668190E-03
1448.000000,1.504452E-03
1449.000000,1.370432E-03
1450.000000,1.258810E-03
1451.000000,1.164462E-03
1452.000000,1.083707E-03
1453.000000,1.013832E-03
1454.000000,9.527950E-04
1455.000000,8.990347E-04
1456.000000,8.513344E-04
1457.000000,8.087333E-04
1458.000000,7.704631E-04
1459.000000,7.359019E-04
1460.000000,7.045411E-04
1461.000000,6.759608E-04
1462.000000,6.498114E-04
1463.000000,6.257996E-04
1464.000000,6.036771E-04
1465.000000,5.832330E-04
1466.000000,5.642863E-04
1467.000000,5.466813E-04
1468.000000,5.302832E-04
1469.000000,5.149746E-04
1470.000000,5.006529E-04
1471.000000,4.872280E-04
1472.000000,4.746205E-04
1473.000000,4.627601E-04
1474.000000,4.515844E-04
1475.000000,4.410378E-04
1476.000000,4.310705E-04
1477.000000,4.216380E-04
1478.000000,4.127001E-04
1479.000000,4.042207E-04
1480.000000,3.961671E-04
1481.000000,3.885096E-04
1482.000000,3.812214E-04
1483.000000,3.742779E-04
1484.000000,3.676568E-04
1485.000000,3.613377E-04
1486.000000,3.553018E-04
1487.000000,3.495320E-04
1488.000000,3.440125E-04
1489.000000,3.387287E-04
1490.000000,3.336673E-04
1491.000000,3.288158E-04
1492.000000,3.241628E-04
1493.000000,3.196977E-04
1494.000000,3.154107E-04
1495.000000,3.112925E-04
1496.000000,3.073348E-04
1497.000000,3.035295E-04
1498.000000,2.998694E-04
1499.000000,2.963475E-04
1500.000000,2.929574E-04
1501.000000,2.896930E-04
1502.000000,2.865488E-04
1503.000000,2.835195E-04
1504.000000,2.806001E-04
1505.000000,2.777859E-04
1506.000000,2.750727E-04
1507.000000,2.724562E-04
1508.000000,2.699327E-04
1509.000000,2.674985E-04
1510.000000,2.651502E-04
1511.000000,2.628846E-04
1512.000000,2.606986E-04
1513.000000,2.585893E-04
1514.000000,2.565541E-04
1515.000000,2.545903E-04
1516.000000,2.526956E-04
1517.000000,2.508676E-04
1518.000000,2.491042E-04
1519.000000,2.474033E-04
1520.000000,2.457631E-04
1521.000000,2.441816E-04
1522.000000,2.426571E-04
1523.000000,2.411879E-04
1524.000000,2.397726E-04
1525.000000,2.384096E-04
1526.000000,2.370974E-04
1527.000000,2.358349E-04
1528.000000,2.346207E-04
1529.000000,2.334537E-04
1530.000000,2.323326E-04
1531.000000,2.312565E-04
1532.000000,2.302243E-04
1533.000000,2.292350E-04
1534.000000,2.282879E-04
1535.000000,2.273819E-04
1536.000000,2.265163E-04
1537.000000,2.256904E-04
1538.000000,2.249033E-04
1539.000000,2.241545E-04
1540.000000,2.234434E-04
1541.000000,2.227692E-04
1542.000000,2.221315E-04
1543.000000,2.215297E-04
1544.000000,2.209634E-04
1545.000000,2.204321E-04
1546.000000,2.199354E-04
1547.000000,2.194729E-04
1548.000000,2.190442E-04
1549.000000,2.186491E-04
1550.000000,2.182872E-04
1551.000000,2.179584E-04
1552.000000,2.176622E-04
1553.000000,2.173986E-04
1554.000000,2.171674E-04
1555.000000,2.169685E-04
1556.000000,2.168016E-04
1557.000000,2.166668E-04
1558.000000,2.165639E-04
1559.000000,2.164930E-04
1560.000000,2.164540E-04
1561.000000,2.164470E-04
1562.000000,2.164719E-04
1563.000000,2.165289E-04
1564.000000,2.166181E-04
1565.000000,2.167396E-04
1566.000000,2.168936E-04
1567.000000,2.170802E-04
1568.000000,2.172997E-04
1569.000000,2.175523E-04
1570.000000,2.178383E-04
1571.000000,2.181581E-04
1572.000000,2.185119E-04
1573.000000,2.189001E-04
1574.000000,2.193231E-04
1575.000000,2.197815E-04
1576.000000,2.202756E-04
1577.000000,2.208059E-04
1578.000000,2.213731E-04
1579.000000,2.219777E-04
1580.000000,2.226204E-04
1581.000000,2.233018E-04
1582.000000,2.240226E-04
1583.000000,2.247837E-04
1584.000000,2.255857E-04
1585.000000,2.264297E-04
1586.000000,2.273165E-04
1587.000000,2.282471E-04
1588.000000,2.292224E-04
1589.000000,2.302437E-04
1590.000000,2.313121E-04
1591.000000,2.324287E-04
1592.000000,2.335949E-04
1593.000000,2.348120E-04
1594.000000,2.360815E-04
1595.000000,2.374049E-04
1596.000000,2.387839E-04
1597.000000,2.402200E-04
1598.000000,2.417153E-04
1599.000000,2.432715E-04
1600.000000,2.448907E-04
1601.000000,2.465750E-04
1602.000000,2.483267E-04
1603.000000,2.501483E-04
1604.000000,2.520422E-04
1605.000000,2.540112E-04
1606.000000,2.560581E-04
1607.000000,2.581861E-04
1608.000000,2.603982E-04
1609.000000,2.626981E-04
1610.000000,2.650892E-04
1611.000000,2.675755E-04
1612.000000,2.701613E-04
1613.000000,2.728507E-04
1614.000000,2.756487E-04
1615.000000,2.785601E-04
1616.000000,2.815904E-04
1617.000000,2.847453E-04
1618.000000,2.880310E-04
1619.000000,2.914540E-04
1620.000000,2.950214E-04
1621.000000,2.987408E-04
1622.000000,3.026203E-04
1623.000000,3.066686E-04
1624.000000,3.108952E-04
1625.000000,3.153103E-04
1626.000000,3.199249E-04
1627.000000,3.247508E-04
1628.000000,3.298009E-04
1629.000000,3.350892E-04
1630.000000,3.406308E-04
1631.000000,3.464422E-04
1632.000000,3.525413E-04
1633.000000,3.589477E-04
1634.000000,3.656829E-04
1635.000000,3.727702E-04
1636.000000,3.802354E-04
1637.000000,3.881067E-04
1638.000000,3.964152E-04
1639.000000,4.051953E-04
1640.000000,4.144849E-04
1641.000000,4.243261E-04
1642.000000,4.347656E-04
1643.000000,4.458553E-04
1644.000000,4.576533E-04
1645.000000,4.702244E-04
1646.000000,4.836414E-04
1647.000000,4.979859E-04
1648.000000,5.133500E-04
1649.000000,5.298374E-04
1650.000000,5.475660E-04
1651.000000,5.666690E-04
1652.000000,5.872979E-04
1653.000000,6.096252E-04
1654.000000,6.338473E-04
1655.000000,6.601882E-04
1656.000000,6.889028E-04
1657.000000,7.202813E-04
1658.000000,7.546512E-04
1659.000000,7.923806E-04
1660.000000,8.338771E-04
1661.000000,8.795823E-04
1662.000000,9.299571E-04
1663.000000,9.854513E-04
1664.000000,1.046447E-03
1665.000000,1.113161E-03
1666.000000,1.185480E-03
1667.000000,1.262713E-03
1668.000000,1.343243E-03
1669.000000,1.424092E-03
1670.000000,1.500557E-03
1671.000000,1.566162E-03
1672.000000,1.613362E-03
1673.000000,1.635215E-03
1674.000000,1.627632E-03
1675.000000,1.591013E-03
1676.000000,1.530143E-03
1677.000000,1.452416E-03
1678.000000,1.365556E-03
1679.000000,1.275995E-03
1680.000000,1.188268E-03
1681.000000,1.105126E-03
1682.000000,1.027964E-03
1683.000000,9.572687E-04
1684.000000,8.929831E-04
1685.000000,8.347514E-04
1686.000000,7.820799E-04
1687.000000,7.344304E-04
1688.000000,6.912716E-04
1689.000000,6.521065E-04
1690.000000,6.164828E-04
1691.000000,5.839962E-04
1692.000000,5.542888E-04
1693.000000,5.270445E-04
1694.000000,5.019845E-04
1695.000000,4.788606E-04
1696.000000,4.574484E-04
1697.000000,4.375358E-04
1698.000000,4.189024E-04
1699.000000,4.012627E-04
1700.000000,3.840495E-04
1701.000000,3.630395E-04
1702.000000,3.977333E-04
1703.000000,3.529297E-04
1704.000000,3.379107E-04
1705.000000,3.254132E-04
1706.000000,3.140901E-04
1707.000000,3.035913E-04
1708.000000,2.937639E-04
1709.000000,2.845176E-04
1710.000000,2.757894E-04
1711.000000,2.675306E-04
1712.000000,2.597008E-04
1713.000000,2.522657E-04
1714.000000,2.451953E-04
1715.000000,2.384630E-04
1716.000000,2.320450E-04
1717.000000,2.259199E-04
1718.000000,2.200682E-04
1719.000000,2.144723E-04
1720.000000,2.091160E-04
1721.000000,2.039846E-04
1722.000000,1.990643E-04
1723.000000,1.943428E-04
1724.000000,1.898085E-04
1725.000000,1.854507E-04
1726.000000,1.812596E-04
1727.000000,1.772260E-04
1728.000000,1.733415E-04
1729.000000,1.695980E-04
1730.000000,1.659883E-04
1731.000000,1.625056E-04
1732.000000,1.591433E-04
1733.000000,1.558956E-04
1734.000000,1.527569E-04
1735.000000,1.497218E-04
1736.000000,1.467856E-04
1737.000000,1.439435E-04
1738.000000,1.411913E-04
1739.000000,1.385249E-04
1740.000000,1.359403E-04
1741.000000,1.334342E-04
1742.000000,1.310030E-04
1743.000000,1.286434E-04
1744.000000,1.263526E-04
1745.000000,1.241276E-04
1746.000000,1.219656E-04
1747.000000,1.198643E-04
1748.000000,1.178210E-04
1749.000000,1.158335E-04
1750.000000,1.138996E-04
1751.000000,1.120172E-04
1752.000000,1.101844E-04
1753.000000,1.083993E-04
1754.000000,1.066601E-04
1755.000000,1.049651E-04
1756.000000,1.033127E-04
1757.000000,1.017014E-04
1758.000000,1.001296E-04
1759.000000,9.859607E-05
1760.000000,9.709937E-05
1761.000000,9.563822E-05
1762.000000,9.421147E-05
1763.000000,9.281789E-05
1764.000000,9.145640E-05
1765.000000,9.012593E-05
1766.000000,8.882546E-05
1767.000000,8.755402E-05
1768.000000,8.631068E-05
1769.000000,8.509451E-05
1770.000000,8.390469E-05
1771.000000,8.274038E-05
1772.000000,8.160078E-05
1773.000000,8.048515E-05
1774.000000,7.939274E-05
1775.000000,7.832287E-05
1776.000000,7.727484E-05
1777.000000,7.624803E-05
1778.000000,7.524180E-05
1779.000000,7.425556E-05
1780.000000,7.328872E-05
1781.000000,7.234073E-05
1782.000000,7.141106E-05
1783.000000,7.049918E-05
1784.000000,6.960461E-05
1785.000000,6.872687E-05
1786.000000,6.786548E-05
1787.000000,6.702000E-05
1788.000000,6.619001E-05
1789.000000,6.537508E-05
1790.000000,6.457482E-05
1791.000000,6.378883E-05
1792.000000,6.301674E-05
1793.000000,6.225819E-05
1794.000000,6.151283E-05
1795.000000,6.078032E-05
1796.000000,6.006032E-05
1797.000000,5.935253E-05
1798.000000,5.865664E-05
1799.000000,5.797235E-05
1800.000000,5.729936E-05
1801.000000,5.663741E-05
1802.000000,5.598621E-05
1803.000000,5.534552E-05
1804.000000,5.471507E-05
1805.000000,5.409461E-05
1806.000000,5.348392E-05
1807.000000,5.288275E-05
1808.000000,5.229089E-05
1809.000000,5.170811E-05
1810.000000,5.113421E-05
1811.000000,5.056896E-05
1812.000000,5.001219E-05
1813.000000,4.946369E-05
1814.000000,4.892327E-05
1815.000000,4.839075E-05
1816.000000,4.786595E-05
1817.000000,4.734871E-05
1818.000000,4.683884E-05
1819.000000,4.633619E-05
1820.000000,4.584060E-05
1821.000000,4.535191E-05
1822.000000,4.486997E-05
1823.000000,4.439464E-05
1824.000000,4.392576E-05
1825.000000,4.346321E-05
1826.000000,4.300684E-05
1827.000000,4.255653E-05
1828.000000,4.211215E-05
1829.000000,4.167356E-05
1830.000000,4.124065E-05
1831.000000,4.081331E-05
1832.000000,4.039140E-05
1833.000000,3.997482E-05
1834.000000,3.956346E-05
1835.000000,3.915721E-05
1836.000000,3.875597E-05
1837.000000,3.835963E-05
1838.000000,3.796809E-05
1839.000000,3.758125E-05
1840.000000,3.719903E-05
1841.000000,3.682132E-05
1842.000000,3.644803E-05
1843.000000,3.607909E-05
1844.000000,3.571439E-05
1845.000000,3.535386E-05
1846.000000,3.499741E-05
1847.000000,3.464495E-05
1848.000000,3.429643E-05
1849.000000,3.395174E-05
1850.000000,3.361082E-05
1851.000000,3.327359E-05
1852.000000,3.293999E-05
1853.000000,3.260994E-05
1854.000000,3.228337E-05
1855.000000,3.196022E-05
1856.000000,3.164041E-05
1857.000000,3.132388E-05
1858.000000,3.101058E-05
1859.000000,3.070043E-05
1860.000000,3.039338E-05
1861.000000,3.008937E-05
1862.000000,2.978834E-05
1863.000000,2.949023E-05
1864.000000,2.919499E-05
1865.000000,2.890256E-05
1866.000000,2.861289E-05
1867.000000,2.832593E-05
1868.000000,2.804162E-05
1869.000000,2.775993E-05
1870.000000,2.748079E-05
1871.000000,2.720416E-05
1872.000000,2.693001E-05
1873.000000,2.665827E-05
1874.000000,2.638891E-05
1875.000000,2.612189E-05
1876.000000,2.585716E-05
1877.000000,2.559469E-05
1878.000000,2.533443E-05
1879.000000,2.507636E-05
1880.000000,2.482043E-05
1881.000000,2.456661E-05
1882.000000,2.431488E-05
1883.000000,2.406520E-05
1884.000000,2.381754E-05
1885.000000,2.357189E-05
1886.000000,2.332822E-05
1887.000000,2.308652E-05
1888.000000,2.284678E-05
1889.000000,2.260900E-05
1890.000000,2.237317E-05
1891.000000,2.213932E-05
1892.000000,2.190746E-05
1893.000000,2.167766E-05
1894.000000,2.144996E-05
1895.000000,2.122448E-05
1896.000000,2.100137E-05
1897.000000,2.078083E-05
1898.000000,2.056319E-05
1899.000000,2.034892E-05
1900.000000,2.013876E-05
1901.000000,1.993391E-05
1902.000000,1.973641E-05
1903.000000,1.955008E-05
1904.000000,1.938287E-05
1905.000000,1.925463E-05
1906.000000,1.923475E-05
1907.000000,2.007726E-05
1908.000000,6.023928E-05
1909.000000,1.721246E-05
1910.000000,1.741009E-05
1911.000000,1.734056E-05
1912.000000,1.720276E-05
1913.000000,1.703760E-05
1914.000000,1.685901E-05
1915.000000,1.667300E-05
1916.000000,1.648264E-05
1917.000000,1.628960E-05
1918.000000,1.609490E-05
1919.000000,1.589917E-05
1920.000000,1.570284E-05
1921.000000,1.550619E-05
1922.000000,1.530940E-05
1923.000000,1.511262E-05
1924.000000,1.491593E-05
1925.000000,1.471940E-05
1926.000000,1.452308E-05
1927.000000,1.432698E-05
1928.000000,1.413113E-05
1929.000000,1.393553E-05
1930.000000,1.374017E-05
1931.000000,1.354505E-05
1932.000000,1.335014E-05
1933.000000,1.315544E-05
1934.000000,1.296090E-05
1935.000000,1.276651E-05
1936.000000,1.257221E-05
1937.000000,1.237798E-05
1938.000000,1.218375E-05
1939.000000,1.198947E-05
1940.000000,1.179507E-05
1941.000000,1.160047E-05
1942.000000,1.140558E-05
1943.000000,1.121027E-05
1944.000000,1.101440E-05
1945.000000,1.081780E-05
1946.000000,1.062024E-05
1947.000000,1.042143E-05
1948.000000,1.022097E-05
1949.000000,1.001833E-05
1950.000000,9.812750E-06
1951.000000,9.603103E-06
1952.000000,9.387662E-06
1953.000000,9.163606E-06
1954.000000,8.925971E-06
1955.000000,8.665139E-06
1956.000000,8.359632E-06
1957.000000,7.949600E-06
1958.000000,7.181237E-06
1959.000000,1.412879E-06
1960.000000,1.012733E-05
1961.000000,1.299656E-05
1962.000000,8.329647E-06
1963.000000,7.971684E-06
1964.000000,7.688338E-06
1965.000000,7.438120E-06
1966.000000,7.205782E-06
1967.000000,6.984170E-06
1968.000000,6.769447E-06
1969.000000,6.559359E-06
1970.000000,6.352490E-06
1971.000000,6.147901E-06
1972.000000,5.944941E-06
1973.000000,5.743143E-06
1974.000000,5.542162E-06
1975.000000,5.341730E-06
1976.000000,5.141643E-06
1977.000000,4.941734E-06
1978.000000,4.741866E-06
1979.000000,4.541927E-06
1980.000000,4.341819E-06
1981.000000,4.141459E-06
1982.000000,3.940774E-06
1983.000000,3.739696E-06
1984.000000,3.538168E-06
1985.000000,3.336133E-06
1986.000000,3.133543E-06
1987.000000,2.930348E-06
1988.000000,2.726504E-06
1989.000000,2.521968E-06
1990.000000,2.316699E-06
1991.000000,2.110657E-06
1992.000000,1.903804E-06
1993.000000,1.696101E-06
1994.000000,1.487512E-06
1995.000000,1.277999E-06
1996.000000,1.067527E-06
1997.000000,8.560591E-07
1998.000000,6.435599E-07
1999.000000,4.299934E-07
2000.000000,2.153242E-07


